"Defence Account Code has its origin in ______?","Civil Account Code","Civil Accounts Manual","Central Treasury Rules","All the three","Civil Account Code"
"Forms in which the accounts should be kept in the offices of the DAD are prescribed by the _____?","PCsDA/CsDA","CGDA","Both","None","CGDA"
"Sector in Defence Accounting System is represented by _____?","One Alphabet","Two Numerical","Four Numerical","Seven Numerical","One Alphabet"
"Cash balances held in the treasuries of the Central Government form part of the _________?","Consolidated Fund of India","Contingency Fund of India","Public Account of India","All the three","All the three"
"The first edition of Defence Account Code was released in ____?",1947,1952,1956,1967,1952
"A service receipt for which full particulars are not given must be taken to the head _____?","Suspense head","Other Receipts","Deposits","Any of the three","Other Receipts"
"Appropriation Accounts of the Defence (Civil) and Defence Pensions are prepared by ____ office and signed by ________?","CGDA, FADS","FADS, Defence Secretary","CGDA, Defence Secretary","CGDA, CGDA","CGDA, CGDA"
"If the first digit of a major head is 7, it represents ____?","Revenue head","Capital head","Contingency fund of India head","Loan head","Loan head"
"Under which article of constitution Consolidated Fund of India has been prescribed or referred?",112,343,266,148,266
"From ____ onwards, the responsibility for compiling the accounts of Defence Services has been entrusted to CGDA","01.01.1976","01.04.1976","01.10.1976","None","01.10.1976"
"Recoveries of over-payments shall be credited as ______ irrespective of the year in which such recoveries are effected?","Revenue Receipts","Reduction in Expenditure","Capital Receipts","None","Reduction in Expenditure"
"The heads of classification operated upon in the Defence Services accounts are shown in which of the following?","Classification Hand Book of Defence Services-Receipts and Charges","Pamphlet of Revenue, Debt and Remittance Heads","Both","None","Both"
"Under which article of constitution Contingency fund of India has been prescribed or referred?",112,148,266,267,267
"In the Defence Services, the pay and allowances of Service Officers, PBORs, Civilians are accounted for under separate ______?","Major heads","Minor heads","sub major heads","Sub heads","Sub heads"
"Which of the following Departments is not covered under MOD (Civil Estimates)?","DAD","Department of Defence Production","Military Engineer Service","Armed Forces Tribunal","Military Engineer Service"
"The transit Pay and Allowances of Officers of the Defence Services lent to Civil Department or, vice versa, are debitable to ____?","Dept. to which he is proceeding","Lending Department","Borrowing Department","Defence Service Estimates ","Borrowing Department"
"Travelling Allowance of Military students under training with survey parties is debitable to the ______?","Defence Services Estimates","Civil Department","Both a, b 50-50 ratio","Both a, b 75-25 ratio","Civil Department"
"Transfer entries are operated for which of the following adjustments?","To correct error of classification","To revise provisional classification","Both","None","Both"
"Head of accounts under which transactions closing to balances are recorded, carried forward to the next financial year which includes heads of Debts, Loans, Advances, Provident Funds, Reserve Funds, Deposits and Advances and Suspense, Miscellaneous are called?","Debt Heads","Minor Heads","Sub Heads","Major Heads","Debt Heads"
"No sum shall ordinarily be credited to Government by debit to a _____; Credit must follow and not precede actual realization?","Service Head","Suspense Head","Both","None","Suspense Head"
"Pr. Controllers/Controllers should not address ____ direct except on routine matters?","CGA","C&AG","None","Both","Both"
"Government Accounts are kept in ____ parts?",5,4,3,2,3
"Taxes both on Residential/Non-Residential, buildings owned/occupied by the Defence Department shall be debited to __? ","Defence Services Estimates","Civil Services Estimates","Both","None","Defence Services Estimates"
"The power of Addl. CDA to sign Class II Punching medium for rectification of incorrect adjustment is up to Rs. _____?","25 lakhs","1 crore","5 crores","10 crores","5 crores"
"Who allots Defence Accounting Circle Numbers to PCsDA/CsDA offices?","CGA","RBI, CAS","CGDA","C&AG","RBI, CAS"
"After closing of annual accounts, if a rectification/readjustment is necessary, same will be carried out with prior approval of ___?","CGA","C&AG","Both a & b","MOD","CGA"
"The balances of the Defence Services have been created Proforma in the books of the Reserve Bank of India w.e.f. ____?","01.10.1976","01.04.1934","26.01.1956","01.04.1962","01.04.1962"
"Which of the following private banks is not authorized to do Government Transactions?","HDFC Bank","Axis Bank","None","Both","None"
"Prefix 77 is used for _____ transactions? ","Previous years","Charged Expenditure","DIDS","Pre partition ","Previous years"
"GAD with reference to SBI Mumbai represents ____?","Government Accounts Department","Government Accounts Division","Government Accounts Directives","Government Accounting Design","Government Accounts Department"
"Under which article of constitution Public Account of India has been prescribed or referred?",112,148,266,267,266
"Expand TAT in the context of SBI CMP (Cash Management Product)?","Turn Around Time","Turn Account Time","Transaction Accounting Time","Transaction Analysis Time","Turn Around Time"
"Part II of Government Accounts represents _______?","Public Fund Account of India","Public Account of India","Consolidated Fund of India","None","None"
"Major Head is represented by ___ digit number?",4,3,2,7,4
"Who is responsible for preparation of the portion of the Combined Finance and Revenue Accounts pertaining to Defence Services?","DGADS","CGDA","C&AG","All the three","CGDA"
"Majority of Government Accounts are kept under ____ basis?","Accrual","Cash","Mercantile and Cash","None","Cash"
"Transfer of funds from one primary unit of appropriation to another such unit is defined as _____?","Assignment","Cash Assignment","Fund Transfer","Reappropriation","Reappropriation"
"Prefix 99 is used for which of the following payments?","DIDS","Previous years transactions","Contingency fund of India","Charged expenditure","Charged expenditure"
"Loans and Advances are represented by Sector ____?","A","B","K","F","F"
"Homogeneous schemes under a programme especially those involving small outlays, should be grouped into suitable ___?","Sub Heads","Major Heads","Minor Heads","Detailed Heads","Sub Heads"
"Which of the following represents function of Government?","Sector","Major head","Minor head","Detailed head","Major head"
"Except in some specific cases, where Defence Services Officers are allowed cash assignments on treasuries or the Bank all payments are made by cheques, etc. drawn by officers of ____? ","DAD","DDOs","MES","All the three","DAD"
"Heads of account under which are recorded all proceeds of taxation and other receipts classed as revenue and the expenditure met there from are known as ___?","Receipt heads","Expenditure heads","Debt heads","Revenue heads","Revenue heads"
"Which of the following is not a part of 6 tier classification of Government Accounts?","Sub Major head","Sub head","Sub Minor head","None","Sub Minor head"
"The Accounts of Government kept in India are maintained in ______ Currency?","International","Indian","Decided from time to time","Foreign","Indian"
"CGDA has been delegated powers to open ______ below the Minor Heads","Sub heads","detailed heads","Both","None","Both"
"Expenditure on Engineer Services required for the Army is charged as Military Engineer Services Expenditure under ____ Head?","MES","Army","Sub","Detailed","Army"
"Expenditure on vehicles irrespective of cost and life shall be treated as _____?","Revenue","Capital","Both 50%","Decided in each case","Capital"
"_____ of the Govt. of India is to ensure that suitable accounts are maintained by the Defence Services?","MOD (Finance)","MOD","Ministry of Finance","Defence Minister","MOD (Finance)"
"CGA maintains a Journal and Ledger for central transactions which is posted from the financial accounts of __ received from all Accounts Offices in India ","each day","each week","each month","each year","each year"
"DAD classifies expenditure of which of the following departments?","Coast Guard Organization","Jammu and Kashmir Light Infantry ","Defence Estates Organization ","All the three","All the three"
"Expand DMS","Defence Management System","Date wise Monthly Statement","Defence Monetary settlement","Daily Main Scrolls","Date wise Monthly Statement"
"Cheques unlinked for more than ____ days will be taken up with Focal Point Branch by Accounts Section of CDA for payment confirmation ",90,120,180,365,90
"If the net amount under the head “Ministry of Home Affairs” is a credit (i.e. credit is more than debit), the same is settled by _____?","Requesting the MHA to forward a cheque ","Issuing a cheque to MHA ","RBI CAS Nagpur by transfer of funds ","None","Issuing a cheque to MHA "
"The amount of e-ticketing will be advanced to the IRCTC’s account and initially booked to _______ ?","00/016/02","00/016/03","00/018/60","00/018/65","00/018/60"
"Expenditure on procurements of items which have a life of ____________ years or more is debitable to Capital Budget",5,7,10,25,7
"Which of the following documents is not received along with Debit Scrolls from Focal Point Branches of Banks?","Paid Cheque","Paid Emergency Cash Requisition","Both","None","None"
"In case of erroneous advise by RBI, where supporting vouchers are not forthcoming, item can be reversed after a period of ____?","3 months","6 months","9 months","one year","6 months"
"Which of the following transactions is not passed on through Defence Exchange Account?","Outstanding Advances of employees ","Imprest payment to Navy personnel from Army ","Service rendered by Army to AF ","None","Service rendered by Army to AF "
"Compilation for each section of a Controller's Office generated to exhibit  amount compiled under each code head during month is ____?","Consolidated Compilation","Book compilation of RDR heads  ","detailed voucher compilation","Sectional Compilation","Sectional Compilation"
"Settlement of transactions between the State Government of Jammu and Kashmir and other States/ Centre is effected ___?","In cash (cheque) or by demand drafts","through Settlement Accounts under RBI","Both","None","In cash (cheque) or by demand drafts"
". If an item of DIDS appears in ___ consecutive outstanding lists, it should be put up to PCDA/Addl. CDA for monitoring?",2,3,4,5,2
"Analysis of All India Defence Services Receipts and Charges generated in compilation system deals with which of the code heads?","RDR heads","Heads that appear in CHB","Both","None","Heads that appear in CHB"
"Class V punching medium is used for compiling _________ transactions?","Cash Vouchers","Railway Bills","Cash Accounts","MES Bills","Cash Accounts"
"IAF CDA – 336 is sued for ____?","Punching Medium","Schedule III","Cash Book","Register of spoilt cheques","Punching Medium"
"Can a DIDS be responded in 13 & 14 accounts?","Yes","No","Yes. Requires permission of PCDA/CDA","Yes.  Requires permission of CGDA","Yes"
"Which class of PM voucher is operated to adjust MRO?",1,2,8,9,2
"Defence ledger is not maintained for which of the following heads?","Revenue","Debt","Suspense","None","None"
"Which of the following controllers are involved in the process of preparation of Estimates for Defence Pension?","PCDA (P) Allahabad","CDA (PD) Meerut","CDA, Chennai","All the three","PCDA (P) Allahabad"
"Who among the following is not a user of All India Defence Services Receipts and Charges generated in compilation system?","DFAs (Budget) in Departments of MOD","Armed Forces H.Qrs.","Budget Section of CGDA","Regional PCsDA","Regional PCsDA"
"Which of the following is not compiled through Class 9 P.M. though pertaining to MES?","Pay and Allowances","Travelling expenses ","GPF Final withdrawals","Construction of  Building","Construction of  Building"
"Vote on Account Budget covers 1/6 th of __________?","Previous year’s allotments ","Previous year’s expenditure","Estimated gross expenditure included in Demands for Grants ","None","Estimated gross expenditure included in Demands for Grants "
"Booking of ___% of the budget allocation by the end of December shows exercise of desired control over expenditure by CFAs?",75,76,67,50,67
"Which of the following is not a stage out of 3 stages of Budgetary Control?","Initial distribution of Grants","Watching Expenditure against Allotments","Re appropriation ","None","None"
"Which of the following does not fall under “Deposits”","Security Deposits","Field Deposits","Earnest Money Deposits","None","Earnest Money Deposits"
"Earnest Money Deposits are paid by the tenderers into ____ account of the accepting officer?","Public Fund","Cash Assignment","Imprest","All the three","Public Fund"
"Provident Fund accumulations remaining unclaimed for ____ will be transferred to unclaimed provident funds head?","six months","12 months","2 years","3 years","six months"
"Which form is used for Class 8 voucher (for responding DIDS) in DAD? ","IAF CDA 336","IAF CDA 338 - A","IAF CDA 336 -A","IAF CDA 338","IAF CDA 338 - A"
"The responsibility of watching recovery of advances (under DHRs) is the responsibility of _____?","Accounts Section","Audit Section","Both are equally responsible","None","Both are equally responsible"
"The only Head for Contingency Fund in Part II i.e. Contingency Fund is given the code number _________?",4000,2000,8000,1900,8000
"__ % of expenditure (max. limit) is supposed to be expended in the month of March, as per guidelines on Control of Defence Expenditure?",10,12,15,20,15
"Where recovery is on basis of calendar year instead of FY, the entire amount of recovery may be treated as __ between 2 Govts. In India?","Revenue Receipt","Capital Receipt","Reduction of Expenditure","None","Reduction of Expenditure"
"Homogeneous schemes under a programme especially those involving small outlays, should be grouped into suitable ___ Heads?","Major","Minor","Sub","Detailed","Sub"
"Where a payment made to the Court is in the nature of a security for staying the execution of the decree, the same would be treated as","Advance","Deposit","final Expenditure","None","Deposit"
"Orders of the ______ in Main office will be taken before an item is classified to the Suspense Head by sections of Main Office?","SAO/AO","Group Officer","Addl. CDA/Jt. CDA","PCDA/CDA","Addl. CDA/Jt. CDA"
"Any bank which is appointed to transact business of the Government pertaining to that Ministry or Department is known as ___?","Focal Point Bank","Associated Bank","Accredited Bank","Scheduled Bank","Accredited Bank"
"Seven digits in the CHB and Pamphlet of RDR heads represent _____ heads?","Major & Minor","Minor & Sub ","Sub & Detailed","Detailed & Object","Detailed & Object"
"Expand WMA (A mechanism used by RBI under its Credit Policy)","Ways and Means Advances","Ways and Means Accounting","Ways and Means Audit","All the three","Ways and Means Advances"
"Which of the following transactions are operated through Defence Exchange Account?","Loans and Advances","suspense and Remittances","Deposits","All the three","All the three"
"Which of the following transactions is not compiled through Class 9 Punching Medium voucher?","Pay and Allowances of MES officers ","Medical claims of MES civilians ","TA/DA of MES Industrial Employees","None","TA/DA of MES Industrial Employees"
"Which of the following banks is nominated by MOD to function as treasury?","Axis Bank","ICICI Bank","HDFC Bank","None","None"
"____ is responsible for adjustment of departmental charges in respect of works executed by MES on behalf of Navy & Air force centrally?","PCDA, New Delhi","CDA Army Meerut","CDA (IDS) New Delhi","PCDA (BR) New Delhi","CDA Army Meerut"
"The balances under RDR heads are closed to ______?","Government","Balances","Both","None","Balances"
"The balances under CHB heads are closed to ______?","Government","Balances","Both","None","Government"
"Defence Accounts Department is not responsible to classify the expenditure in respect of which of the following Departments?","Department of Ex Servicemen Welfare","Armed Forces Tribunal ","Coast Guard Organization","None","None"
"In the system of SBI CMP amount is credited to the beneficiary accounts within T+1 day. What do you mean by ‘T’?","Turnaround Time ","day when SBI receives file from Accounts Office ","Day when file is uploaded","Transaction day","day when SBI receives file from Accounts Office "
"___ is prepared by a PCDA/CDA office for each original item compiled to Defence Exchange Account?","DIDS","Schedule III","Cheque Slip","All the three","DIDS"
"Unspent balances under Receipt Heads and Expenditure heads are closed to _____?","Balances","Government","Both","None","Government"
"The receipts and expenditure relating to Border Roads Organization are finally accounted to the heads of _____ by PCDA (Border Roads)?","Ministry of Home Affairs","Ministry of Road Transport and Highways","MOD (civil)","Ministry of External Affairs","Ministry of Road Transport and Highways"
"A ____ head which is placed under a particular Minor Head by the CGA should not be placed under another Minor Head by DAD?","Sub Head","Detailed","Both","None","Both"
"In e-ticketing system, Tickets booked by units are debited against ____ Account?","Unit ","Revolving","Army Head Quarters","CGDA","Revolving"
"The fist two digist of DIDS Number represent?","CDA","Section","Month","Year","CDA"
"The digits 3 to 6 of DIDS Number represent?","CDA","Section","Voucher Number","Month and year","Section"
"Class of voucher is represented by ___th digit of DIDS Number",4,5,7,11,7
"The digits 8 to 11 of DIDS Number represent?","Section Code","CDA","Month and year","Voucher Number","Voucher Number"
"The digits 12 and 13 of DIDS represent?","Year","CDA","Month","Voucher Number","Month"
"The digits 14 and 15 of DIDS represent?","Year","CDA","Month","Voucher Number","Year"
"Originating (+) Receipt should be responded with ____ in a DIDS adjustment?","(+) Receipt","(-) Receipt","(+) Charge","(-) Charge","(+) Charge"
"Originating (-) Receipt should be responded with ____ in a DIDS adjustment?","(+) Receipt","(-) Receipt","(+) Charge","(-) Charge","(-) Charge"
"Originating (+) Charge should be responded with ____ in a DIDS adjustment?","(+) Receipt","(-) Receipt","(+) Charge","(-) Charge","(+) Receipt"
"Originating (-) Charge should be responded with ____ in a DIDS adjustment?","(+) Receipt","(-) Receipt","(+) Charge","(-) Charge","(-) Receipt"
"Annual Review of Balances is prepared based on the compilation of ___ month’s accounts?","March","March Supplementary","March Supplementary Correction","March supplementary Manual Correction","March Supplementary Correction"
"____ account should bear all charges for intermediate maintenance of the work while not yet opened for service?","Capital","Revenue","Each 50%","None","Capital"
"Each branch of _____ functions both as focal point branch and dealing branch?","SBI","RBI","Both","None","RBI"
"DID schedule cannot be originated by compiling through which class of voucher of Punching Medium?",1,2,5,8,8
"If exp. in April/May is more than the other months, obligatory in nature exceeds 1/6th of Budget head (Vote on account) __ can be made?","Provisional Payment","Payment from Suspense Accounts","Payment from Advances Heads ","None","Provisional Payment"
"From 2002-03 onwards the budgetary requirements of Coast Guard Organization have been transferred from the Grants of __ to __?","Ministry of Finance to MOD (Civil) ","MOD (Civil) to Ministry of Finance ","MOD (Civil) to Ministry of Home Affairs ","None","Ministry of Finance to MOD (Civil) "
"Code heads operated by sections, which are not supposed to be operated or which do not pertain to their sections are known as __?","Erroneous heads","Doubtful heads","Fictitious heads","Suspense heads","Fictitious heads"
"Which of the following transactions is not covered under the Focal Point Branch scheme?","Cheques","MROs","Pension payments","None","Pension payments"
"Erroneous Compilation made under any of the Deposit head should be readjusted by _____?","Deduct Entry {(-) Debit/Credit}","Fresh entry (Debit/Credit)","Any of the two","None","Deduct Entry {(-) Debit/Credit}"
"Loans to State Governments budgeted under the Civil Estimates of MOD are also advised through CAS, RBI, Nagpur by _____ ?","CGDA","AO (DAD) MOD","PCDA R&D New Delhi","CGA","AO (DAD) MOD"
"Powers of DCDA to sign Transfer Entry Punching Medium on account of rectification of errors is up to Rs. ________? ","25 lakhs","50 lakhs","1 crore","5 crore","1 crore"
"When RBI clears the advice given by Defence to debit/credit Railways/Postal Department, it sends ____ as intimation?","Settlement Memo","Memo of clearance","Advice clearance certificate","None","Memo of clearance"
"Controllers will forward the LPCs of the DAD personnel who are proceeding on deputation to foreign Embassies/Missions abroad to __?","Embassy concerned","Ministry of External Affairs","PCDA New Delhi","CGDA","PCDA New Delhi"
"Expand SCT?","Statement of Central Taxes ","Statement of Commercial Transactions","Statement of Commercial Taxes ","Statement of Central Transactions","Statement of Central Transactions"
"Which of the following are required to be paid from DSE (Rent/compensation) when services of other departments are utilized?","Central Govt. building used by Defence office ","Use civil Aerodrome","Damages caused to Railways in accident ","None","None"
"Focal Point Branch will segregate from 1st April all transactions pertaining to previous years and report the same as ___ from 1st to 15th April?","March Supplementary","March supplementary Correction ","March supplementary Correction (Manual) ","March Residual","March Residual"
"Which of the following banks is authorized by RBI to deal with Foreign Transactions?","SBI","Canara Bank","HDFC Bank","All the three","All the three"
"The Contingency Fund of India is held on behalf of the President of India by _________?","Defence Secretary","Secretary, Ministry of Finance (Dept. of Economic Affairs) ","Secretary, Ministry of Home Affairs ","Secretary, Ministry of Finance (Dept. of Expenditure) ","Secretary, Ministry of Finance (Dept. of Economic Affairs) "
"Recoveries of expenditure for services rendered to non-Government parties shall in all cases be classified as ____ of the Government?","Receipts","Reduction of Expenditure","Refund of bonafide receipt","None","Receipts"
"While Adjusting MRO, PAO functions as ___ section?","Audit","Accounts ","Both","None","Audit"
"Which of the following offices is not given section code for the purpose of compilation of Defence services receipts and expenditure?","PAOs","AOs GE","LAOs/RAOs","None","LAOs/RAOs"
"Which of the following is not covered under the category of awards given by Arbitrator?","Executory","Declaratory","Explanatory","None","Explanatory"
"Public Account of India covers the following sectors of Government Accounts?","Sectors A, B","Sectors A, B and C","Sectors A to F","Sectors I to M","Sectors I to M"
"Cheque issued by a different CDA erroneously shown in Debit Scroll, but noticed after DMS was certified. What action you would suggest?","Take up the matter with RBI","Take up the matter with Focal Point Branch ","Pass it on to correct CDA through DEA ","All the three","Pass it on to correct CDA through DEA "
"Which class of Punching Medium voucher has two parts i.e. part A & Part B?",1,2,5,8,8
"If any change affects the form of the Finance and Revenue Accounts, it will not be made without the previous sanction of ______?","CGA","C&AG","Any one of a & b","Both a & b","Both a & b"
"Accounts kept open after 31st March are known as March ____ Accounts?","Supplementary","Residual","II","None","Supplementary"
"Class 1 Punching Medium voucher is used to compile ____ ?","Cash Vouchers","Transfer Entries","Abstract of Receipts & Charges","Cash Accounts","Cash Vouchers"
"Class 2 Punching Medium voucher is used to compile ____ ?","Cash Vouchers","Transfer Entries","Abstract of Receipts & Charges","Cash Accounts","Transfer Entries"
"Class 3 Punching Medium voucher is used to compile ____ ?","DID Schedules","Cash Accounts","Civil ID Schedules","Cash Vouchers","Civil ID Schedules"
"Class 4 Punching Medium voucher is used to compile ____ ?","Cash Vouchers","Transfer Entries","Abstract of Receipts & Charges","Cash Accounts","Abstract of Receipts & Charges"
"Class 5 Punching Medium voucher is used to compile ____ ?","Cash Vouchers","Transfer Entries","Abstract of Receipts & Charges","Cash Accounts","Cash Accounts"
"Class 6 Punching Medium voucher is used to compile ____ ?","Rawilway Bills","MES Billa","DID Schedules","Cash Accounts","Rawilway Bills"
"Class 8 Punching Medium voucher is used to compile ____ ?","Rawilway Bills","MES Billa","DID Schedules","Cash Accounts","DID Schedules"
"Class 9 Punching Medium voucher is used to compile ____ ?","Rawilway Bills","MES Billa","DID Schedules","Cash Accounts","MES Billa"
"For capital outlay provided otherwise, interest shall be charged at the average rate of interest determined each year by _____ MOF?","Department of Economic Affairs ","Department of Expenditure","Both","None","Department of Economic Affairs "
"An error no matter how old and small it may be, must be corrected if it affects ______Head","Debt","Deposit","Remittance","All the three","All the three"
"Expand GePG?","Government electronic payment Guarantee","Government electronic payment Gateway","General electronic payment Gateway","Guaranteed electronic payment Gateway","Government electronic payment Gateway"
"________ will prepare statement No. 5 &13 of Union Government Finance Account and send the same to the CGA?","CGDA","FADS","Defence Secretary","DGADS","CGDA"
"Which of the following particulars should be recorded in Transfer Entry?","nature of the adjustment","Grounds for correction if it is a correction","Both","None","Both"
"Phase I of the e-ticketing system has been launched on _____? ","30.12.2009","01.04.2009","01.10.2009","01.12.2009","30.12.2009"
"Reserve Bank of Act is called as _____?","RBI Act, 1932","RBI Act, 1933","RBI Act, 1934","RBI Act, 1935","RBI Act, 1934"
"Transactions relating to Debt, Small Saving Provident Funds, Reserve Funds, Deposits, Miscellaneous and Remittances fall under ___?","Consolidated fund of India","Contingency Fund of India","Public Account of India","All the three","Public Account of India"
"Detailed rules by which allocation of expenditure between Capital and Revenue in commercial departments and Undertakings should be determined, shall be such as may be made by Government after Consultation with the ______?","CGDA","FADS","CGA","C&AG","C&AG"
"The cost of stationery and forms supplied to Military Farms is accounted for as ________ transactions?","cost plus","primary","cost accounting","secondary","cost accounting"
"The books of the Reserve Bank for the month of March will be closed by the ____  or on a date as notified by them?","31st March","15th April","30th April","30th June","15th April"
"Transactions with Railways, Posts are settled through ______ by PCsDA/CsDA?","Cheques","Settlement Account","ID Schedules","None","Settlement Account"
"If the first digit of Major head contains ‘5’, it represents _____?","Revenue Receipt","Revenue Expenditure","Capital Receipts","Capital Expenditure","Capital Expenditure"
"Transit pay & allowances both forward and return journey of Govt. servants transferred to or from Missions and Offices abroad will be borne by the Ministry ________?","Parent Ministry","That plans transfer","Both","Differs from case to case","That plans transfer"
"Recoveries effected after the close of the accounts of the year in which the expenditure was incurred, should be compiled as ____?","Revenue","deduction of expenditure","Any one of a/b","Capital","Revenue"
"MRO is prepared in _____?","Sextuplicate","Quadruplicate","Triplicate","Duplicate","Triplicate"
"Settlement of transactions between the State Government of Jammu and Kashmir and Centre is done through ______?","ID schedules","cash or Demand Drafts","Proforma Account","All the three","cash or Demand Drafts"
"A Minor head is represented by ___ digit Number?",2,4,15,3,3
"The Travelling Allowance of a Government servant transferred from one department to another is debited to the ","Parent Department","decided in each case","department to which he is transferred","None","department to which he is transferred"
"Original Copies of MROs are received in ____ section?","Audit","Accounts","Internal Audit","O&M","Audit"
"Transactions of Defence Services arising in UK, adjustable in India passed through the Inward London Account and dealt with by ____?","PCDA New Delhi","PCDA (R&D) New Delhi","PCDA (BR) New Delhi","All the three","PCDA New Delhi"
"Who among the following is known as PCDA Travel?","PCDA New Delhi","PCDA (R&D) New Delhi","PCDA (BR) New Delhi","All the three","PCDA (R&D) New Delhi"
"The main unit of classification in accounts is ______ Head?","Object/detailed ","sub","Minor","Major","Major"
"If a Government servant works for more than one Government, his Travelling Allowance may be borne by _____?","Parent Government ","Both Governments 50-50 ","distributed between the different Governments as mutually agreed upon ","any one ","distributed between the different Governments as mutually agreed upon "
"Ways and Means Advances are repayable in each case not later than _______ from the date of making that advance?","6 months","4 months","3 months","2 months","3 months"
"cheque shall be payable at any time within a period of ______  from the date of issue?","30 days","45 days","two months","three months","three months"
"‘Statement of Central Transactions’ at the end of every financial year is prepared only for ______ head-wise details","Major","Sub Major ","Minor","Sub","Minor"
"Which of the following are represented by 15 digit number?","Six tier classification","DID schedules","Both","None","Both"
"Refunds of Revenue shall as a General rule, be taken as _____?","Expenditure","reduction of Receipts","any one of the two a,b","Unforeseen Expenditure","reduction of Receipts"
"Transactions of the Defence Services taking place in the branches and offices of RBI, SBI and its Associates will be taken directly against?","Defence Proforma Account","Inward settlement Account","Outward settlement Account","Revolving Account","Defence Proforma Account"
"Pick the odd one out?","IAF CDA 13","Non Payment Certificate","Indemnity bond","Schedule III","Schedule III"
"Object Heads are primarily meant for ______ control over expenditure?","Itemized","Over all","audit","None","Itemized"
"Items of receipts and payments owing to lack of information as to their nature are compiled under _____ heads","Deposits","Services","Advances","Suspense","Suspense"
"Focal Point Branches have been introduced in the Ministry of Defence with effect from _____?","01.01.1993","01.04.1993","01.07.1993","01.10.1993","01.10.1993"
"Which of the following offices does not have the work of DAD Cells?","PCDA (Navy) Mumbai","PCDA New Delhi","CDA Patna","PC of A Kolkata","PC of A Kolkata"
"The Annual Finance Accounts of the Central Govt. (including Defence Services) are prepared by ____?","CGDA","CGA","C&AG","DGADS","CGA"
"All extra expenditure connected with Survey of India Unit, which would not have been incurred but for field operations, shall be borne by?","Survey of India","Defence Services Estimates","MOD (Civil)","Any of the three","Defence Services Estimates"
"_____ scrolls are received along with the Paid cheques from Focal point branches in Accounts Section of PCDA/CDA office?","Error ","Debit","Credit","All the three","Debit"
"Transactions arising in the books of CsDA which are adjustable in the books of AG State Govt./PAO Ministries and Departments of Central Government, are settled through___ ? ","Settlement Accounts ","Revolving Accounts","cash","Civil ID Schedules","cash"
"Government accounts are maintained on ______ basis?","Calendar year","Financial year","Half yearly","Quarterly","Financial year"
"Expenditure on Engineer Services required for the Navy is charged as Military Engineer Services Expenditure under the ___ Head?","Army","MES","Navy","None","Navy"
"Ordinarily all amounts due to Government which are found to be irrecoverable shall be written off from the Debt Head of Accounts concerned to an expenditure head as ___? ","Loss","Bad debts","Expenditure","Any of the three ","Loss"
"_____ scrolls are received along with DMROs from Focal point branches in Accounts Section of PCDA/CDA office?","Error ","Debit ","Credit","All the three","Credit"
"Which class of P.M. voucher will be operated for Railway Bills? ",2,4,5,6,6
"Services' rendered by Army to the Air Force and the Navy and vice versa are treated as ______?","Free","Paid","a or b as decided in each case by Executive","a or b as decided in each case by PCDA","Free"
"All Embassy accounts including EOI, Washington are centrally received in _______ from Pr CCA, MEA?","CGDA office","PCDA New Delhi","PCDA (BR) New Delhi","PCDA (R&D) New Delhi","PCDA New Delhi"
"Estimates of receipts and charges in respect of Ordnance Factories organization are prepared by the ______?","Controllers of Factory Accounts ","General Managers","PC of A Kolkata","CGDA","General Managers"
"Which of the following reapproriations does not require sanction of Government of India?","Savings due to non-expenditure of provision for a specific measure","An error in estimates","to meet expenditure one any new activity","None / Please check book ","None / Please check book "
"Which of the following advances are not compiled to Advances Head?","Advance of Pay","Permanent Advances sanctioned for Local purchase of petty stores ","Both","None","Advance of Pay"
"Transactions relating to Pension Payments made by Embassy of India, Kathmandu are settled through RBI CAS, Nagpur against ____?","CGDA office","PCDA New Delhi","PCDA (BR) New Delhi","PCDA (P) Allahabad","PCDA (P) Allahabad"
"Estimates in respect of Defence Research and Development Establishments are prepared by ______?","PCDA (R&D) New Delhi","PcDA/CsDA (R&D)","Directors of Labs/Estts.","CGDA","Directors of Labs/Estts."
"No formal re-appropriation is necessary for transferring funds under the same control head between ____?","Commands","Areas","Sub Areas","All the three","All the three"
"Payments specially sanctioned by Government subject to recovery, with or without interest, are treated as ____?","Loans","Advances","Deposits","Misc. Payments","Loans"
"DIDS is prepared in _____ by the Originating CDA office?","Triplicate","Duplicate","Quadruplicate","Quintuplicate","Quintuplicate"
"Pick the odd one out?","IAF CDA 336","IAF CDA 338 A","IAF CDA 13","None","IAF CDA 13"
"To enable the Government to carry on its normal activities from 1st April till such time as the Appropriation Bill is enacted, ____ is obtained from Parliament?","Supplementary Grant ","Grant in Aid","Additional Grant","Vote on Account","Vote on Account"
"In the Budgetary Control Exercise, which of the following is the final estimate/allotment?","Modified Appropriation","Preliminary Estimate","Revised Estimate","Vote on Account","Modified Appropriation"
"A Cash Assignment is a ______  in favour of a Disbursing Officer?","Credit","letter of credit","Fund Transfer","All the three","letter of credit"
"The recovery of an advance will commence from ____ month pay drawn after its receipt?","First","Second","Third","Next year January","First"
"Preservation of original records of originating DIDS till the finality of the case is the primary responsibility of the _____?","Audit Section","Accounts Section","Both a, b","CDA Meerut","Audit Section"
"Who among the following is not a user of compilation report Analysis of All India Defence Services Receipts and Charges?","DFA (Budget)","CGDA","Services H.Qrs","None","None"
"Sums which are clearly not due to Government but are held in trust are kept under ___ head?","Suspense","Deposit","Advances","All the three","Deposit"
"The entries in the Defence Ledger will be posted _____?","Daily","weekly","monthly","Annually","Annually"
"It is the primary responsibility of the ______ to watch the progress of expenditure?","PCDA/CDA","the authorities to whom allotments are made","Authority who allotted the budget","All the three","the authorities to whom allotments are made"
"Undisbursed pay& allowances are credited to ______?","Pay & Allowances head","Deposits Head","Suspense Head","Any of the three","Pay & Allowances head"
"Charged Expenditure is described in which Article of Constitution of India? ",148,267,266,"112 (3) (f)","112 (3) (f)"
"Responding action on a DIDS is done _____ of the Punching Medium Class 8 voucher?","Part A","Part B","Part A or B ","Both A & B","Part B"
"PCsDA/CsDA bring to the notice of the allottees cases in which the trend of expenditure is ______? ","Abnormally high","unusually low","a or b","None","a or b"
"Which of the following forms of Deposits do not pass through the Government accounts?","Cash","Other than Cash","Both","None","Other than Cash"
"If any transaction is not adjustable either wholly or in part for any reason for want of supporting documents DIDS should be ___?","Returned to the originating CDA ","reversed","referred to CDA Meerut","referred to CGDA","Returned to the originating CDA "
"Transfer of funds from one primary unit of appropriation to another such unit within a grant is called ____?","Re appropriation","Modified appropriation","misappropriation","appropriation","Re appropriation"
"When Cash security deposits are transferred from one audit area to another, transaction will be adjusted through the ___?","Proforma Account","Cash settlement","Defence Exchange Account","Any of the three","Defence Exchange Account"
"Which of the following awards do not fall under the category of Charged Expenditure payments?","Workmen's Compensation Act of 1923","awards involving refund of Security Deposits","Both","None ","Both"
"If, an item of DIDS is found to appear in the second list, it should be put up to _____ for monitoring?","SAO/AO","Group Officer","Addl. CDA/Jt. CDA","CGDA ","Addl. CDA/Jt. CDA"
"The Defence Services Budget Estimates are presented in _____ Demands for Grants?",7,6,5,8,6
"Who among the following cannot exercise the powers of reappropriation in respect of Army Budget? ","Central Controlling Authorities","Command Headquarters","Independent Area Headquarters ","IFAs (Command)","IFAs (Command)"
"Earnest Money Deposits, Civil Court Deposits and Personal Deposits paid into Military Chest will be deposited into _____?","Public Fund Account","Government Treasury","Any of the two a or b","None","Any of the two a or b"
"Where the decree/award is directly against the Union of India, payment to be made in satisfaction thereof is treated as ""Charged"" on ?","Contingency fund of India","Consolidated fund of India","Public Account of India","All the three","Consolidated fund of India"
"Defence Exchange Accounts for March Supplementary and March Supplementary Corrections should include ____?","Only Responding items","Originating items with the consent of other party to account ","None","Both","Both"
"How many Demands for Grants are submitted in Defence Services Budget Estimates on Revenue account?",8,7,6,5,5
"Powers of re-appropriation between different minor heads under a major head are exercised by the ____?","Command H.Qrs","Armed Forces H.Qrs.","Ministry of Defence","Government of India","Government of India"
"All deposits remaining unclaimed for three years are called as ____ Deposits?","Time Expired ","Old","Lapsed","Standing","Lapsed"
"How many Demands for Grants are submitted in Defence Services Budget Estimates on Capital account?",1,2,3,4,1
"The period of limitation for recovery by contractors of security deposit from Government  is ____ from the date of deposit?","3 years","5 years","10 years","30 years","30 years"
"Which of the following is correct with reference to Charged Expenditure? ","It is voted by the parliament","It does not require submission for vote by parliament ","It is charged on the Contingency fund of India ","Both b & c","It does not require submission for vote by parliament "
"All India Compilation is produced by","MOD (Fin)","Accounts Section of CGDA","EDP centre of CGDA","None","EDP centre of CGDA"
"The classification code in the punching medium consists of ___ digits?",4,5,7,8,7
"March Supplementary Correction Manually requires the sanction of ____?","CGDA","CGA","PCDA/CDA","None","CGA"
"Punching media or amendment to PM is accepted for inclusion in that month’s account ____?","Up to 25th of the month","Till last day of the month","Till 3rd of the following month","None","Till last day of the month"
"Who is the banker to Government?","All Nationalized banks","RBI","SBI","All scheduled banks","RBI"
"Defence Proforma account is  ","The account which is ultimately passed by Parliament","Defence Account which has been created proforma in the books of RBI","Budget Estimates prepared in r/o Defence Services ","Appropriation account passed for Defence","Defence Account which has been created proforma in the books of RBI"
"Transactions arising in the books of one controller which are adjustable in the books of another CDA are adjusted through?","cash basis","All India Consolidated Compilation","CAS of RBI","Defence Exchange Account ","Defence Exchange Account "
"Which is not one of the demands for grants submitted by Ministry of Defence under Defence Service Estimates?","Army","Navy","Defence Pensions","None","Defence Pensions"
"Who is responsible for signing the Appropriation Accounts of Defence Services and its submission to C&AG of India?","Defence Secretary","Secretary Defence (Finance)","CGDA","CGA","Defence Secretary"
"Payment made in satisfaction of court decree is known as?","Court Expenditure","Legal Expenditure","Charged Expenditure","In fructuous expenditure","Charged Expenditure"
"What does Major Head 4076 pertain to?","Revenue Expenditure of Defence ","Capital Expenditure of Defence","MES Expenditure","R&D Expenditure","Capital Expenditure of Defence"
"What is the mode of settlement of transactions between DGS&D and Defence?","Book adjustment through RBI, CAS Nagpur ","Cash Settlement","Issue of cheque","None of these","Book adjustment through RBI, CAS Nagpur "
"The power of re appropriation between sub heads within the minor head under each demand can be ordered by?","CGDA","CGA","MOD","PCDA/CDA","MOD"
"According to MOD, Capital items are classified as those having unit price of Rs. ___ lakhs and above and a life span of ___ years or more?","2, 7","20, 10","10, 7","10, 5","10, 7"
"What is the prefix used for operation of RDR heads","oo","o1","o9","o5","oo"
"Vote on Account is ","Provisional allocation made by the service headquarters ","Authorized by CGDA","Passed by Parliament","Authorized by FADS","Passed by Parliament"
"Significant expenditure incurred with the object of acquiring tangible assets of a permanent nature or enhancing utility of existing assets is","Revenue Expenditure","Asset expenditure","Capital expenditure","Deferred Revenue Expenditure","Capital expenditure"
"Re appropriation means the transfer of funds from?","Central Govt. to any State Govt.","Any State Govt. to Central Govt","One primary unit of appropriation to another such unit ","All","One primary unit of appropriation to another such unit "
"Debit scrolls are accompanied with","Paid Cheques","DMROs","Receipt Vouchers","Advisory Notes","Paid Cheques"
"Which of the following sections of Main Office of CDA maintains Debt Head Register?","Accounts Section","D section","Administration section","All Audit Sections","Accounts Section"
"Which of the following demands against an employee transferred from audit jurisdiction of one CDA to another is transferred through DEA? ","Advance of Pay","Advance of TA/DA","House Building Advance","All the three","House Building Advance"
"What code head is required to be operated in case of an unbalanced punching medium to balance it?","00/020/80","00/020/83","00/020/61","00/020/82","00/020/61"
"The estimates for which vote of Lok Sabha is required is presented in the form of ","Appropriation Accounts","Demands for Grants","Expenditure Budget","Plan outlay","Demands for Grants"
"If the amount provided in the sanctioned budget is found to be insufficient during a financial year additional sums are sought as ","Modified Appropriation","Vote on Account","Excess Grant","Supplementary Grant","Supplementary Grant"
"The ultimate responsibility for ensuring that expenditure does not exceed the corresponding budget allotment rests on ","Principal Staff Officers (Service H.Qrs)","FADS","PCDA/CDA concerned","CGDA","Principal Staff Officers (Service H.Qrs)"
"Suspense Accounts are listed out in _____?","Pamphlet of RDR heads ","CHB of Defence services Receipts & Charges ","Both","None","Pamphlet of RDR heads "
"The schedule of monthly drawings is known as?","Cash Assignment","Schedule III","Payment Schedule","Debit Scroll","Schedule III"
"Receipts and Expenditure pertaining to DAD have been transferred from Defence Service Estimates to Civil Estimates w.e.f. _______?","01.04.1971","01.04.1976","01.10.1976","01.10.1993","01.04.1971"
"Which of the following advances does not require to be posted in DHRs maintained in Accounts Section","House Building Advance ","PC Advance","Advance of Pay","None","Advance of Pay"
"The last Inter Government advise for the financial year by PCDA/CDA should be sent to RBI on or before _____ ?","31st March","15th April ","25th April","30th April","25th April"
"Which of the following is irrelevant as far as Defence Proforma Account is concerned?","OMROs","DMROs","Bank Scrolls","Paid Cheques ","OMROs"
"CMP transactions are identified with reference to which of the following category prefixes by DAD?",99,93,77,"o1",93
"Entries in Debt Head Registers are posted ____?","Daily","Weekly","yearly","monthly","monthly"
"Which of the following does not have a Proforma Account in RBI, CAS Nagpur?","Defence","Home Ministry","Railways","None","Home Ministry"
"When a cheque is cancelled and a fresh cheque is issued, which class of P.M. is operated in PCDA/CDA office?",1,2,5,"All the three",1
"Defence Ledger does not deal with which of the following heads?","Revenue receipts heads","Expenditure heads","Debt heads","Remittance heads","Expenditure heads"
"Which of the following DAD offices does not come under the ambit of Defence Accounting Circles?","PCDA (O) Pune","PCDA (SC) Pune","AO DAD MOD (Civil), New Delhi","IFA HQ (SC) Pune","IFA HQ (SC) Pune"
"Who among the following officers may draw cheques on civil treasury or banks to meet the requirements of Defence Services without cash assignment?","DAD officers","GEs of MES","Defence Estate Officers","Station H.Qrs. ECHS","DAD officers"
"Rejections under electronic payments are compiled to which of the following suspense heads?","00/020/81","00/020/96","93/020/91","00/020/91","00/020/96"
"The heads represented by three digits such as 101, 104, 110, 111 and 800 etc. are generally known as ____?","Major heads","Minor heads","Sub heads","Detailed Heads","Minor heads"
"Who publishes the pamphlet of RDR heads and CHB of Defence Services Receipts and Charges?","CGDA","DGADS","CGA","C&AG","CGDA"
"The facts that are incorporated in accounting records are described as ____?","Accounts","Transactions","Events","Occurrences","Transactions"
"Sub Major Head corresponds to ____?","Sub Function","Sub Programme","Sub Scheme","Sub Activity","Sub Function"
"Minor Head corresponds to ____?","Function","Programme","Scheme","Activity","Programme"
"Sub Head corresponds to ____?","Function","Programme","Scheme","Sub Function","Scheme"
"Detailed Head corresponds to ____?","Function","Programme","Scheme","Sub Scheme","Sub Scheme"
"Sub Major Head is represented by ___ digits Number?",2,3,4,"None",2
"Minor Head is represented by ___ digits Number?",2,3,4,"None",3
"Object Head corresponds to ____?","Function","Programme","Scheme","Primary unit of appropriation","Primary unit of appropriation"
"Sub Head is represented by ___ digits Number?",2,3,4,"None",2
"Which of the following is not a part of six tier classification of accounts?","Sector","Major head","Minor head","Sub head","Sector"
"Detailed Head is represented by ___ digits Number?",2,3,4,5,2
"Which of the following was not a part of erstwhile five tier classification of accounts?","Sector","Major head","Minor head","Sub Major","Sub Major"
"Part I of Central Government Accounts represents _____?","Consolidated Fund of India","Contingency Fund of India","Public Account of India","Charged Expenditure","Consolidated Fund of India"
"Part II of Central Government Accounts represents _____?","Consolidated Fund of India","Contingency Fund of India","Public Account of India","Charged Expenditure","Contingency Fund of India"
"Who among the following has a separate Proforma account in the books of RBI, CAS Nagpur?","CDA (Trg.) Pune","IFA (SC) Pune","PCDA (O) Pune","All the three","PCDA (O) Pune"
"Object Head is represented by ___ digits Number?",2,3,4,5,2
"CCO-3 represents ____?","Book Compilation of RDR heads","All India Compilation of RDR heads ","March Supplementary Accounts ","Sectional Compilations ","Sectional Compilations "
"DIDS is used for which of the following accounts?","Defence Proforma Account","Defence Exchange Account","English Transactions","All the three","Defence Exchange Account"
"Assignment of fund placed at the disposal of the authority is called as ____?","Cash Assignment","Imprest","Appropriation","Public Fund ","Appropriation"
"Responsibility to watch recovery of cost of stores supplied to foreign governments against their demands sponsored by the Ministry of External Affairs devolves on ____? ","MOD","CGDA","PCDA/CDA","LAO","CGDA"
"Military Farms accounts are maintained on ____lines? ","Cash ","Quasi Commercial","Commercial","All the three","Commercial"
"Audit section adjusts MRO by compiling ____ in the punching medium under the MRO head?","(+) Receipt","(+) Charge","(-) Receipt","(-) Charge","(+) Charge"
"Accounts section adjusts MRO by compiling ____ in the punching medium under the MRO head?","(+) Receipt","(+) Charge","(-) Receipt","(-) Charge","(-) Charge"
"Transactions in respect of Foreign Service in the Australian Government are settled centrally by the ___?","CDA (Army) Meerut","PCDA New Delhi","CDA Patna","PCDA (CC) Lucknow","CDA Patna"
"Which of the following is not a kind of treasury?","Defence Treasury","Banking treasury","Non Banking Treasury","None","Defence Treasury"
"Earnest Money Deposits forfeited are adjusted through MRO and will be accounted for as ___ to Government?","Recovery of expenditure","Reduction of Expenditure","Capital Receipts","Revenue Receipts","Revenue Receipts"
"_____ refers to methods of maintaining the Government’s daily cash balance at a level sufficient to meet its day to day requirements","Ways and Means","Cash Management","Credit Management","Financial Control","Ways and Means"
"The books of RBI are closed on 15th April for the financial year to accommodate which of the following transactions?","March Supplementary","March Supplementary Corrections","March Residual","All the three","March Residual"
"Arrangements to ensure that all the treasuries have at all times sufficient funds to meet the demands placed on them is known as ___?","Cash Management system","Resource Operations","Financial Control","None","Resource Operations"
"List of DMROs for which OMROs are not found adjusted will be extracted by Accounts to Audit Sections at the end of each ____?","Month","Quarter","Half year","Year","Quarter"
"Monthly Expenditure Return of Army Units is prepared by ____?","LAO/RAO","PCDA/CDA","Units themselves","All the three","PCDA/CDA"
"For which of the following expenditure, voting by Parliament is not required?","Charged Expenditure","Pay and Allowances of Employees","Vote On Account Budget","All the three","Charged Expenditure"
"Which of the following does not fall under the category of Advances in Defence Service Accounts?","Sector L - Suspense & Advance","Sector K - Deposits and Advances ","Sector F- Loans and Advances","None","None"
"Military Farms work on ____ basis?","Commercial","Quasi commercial ","Both","None ","Quasi commercial "
"____serves as a medium for codification of voucher for compilation of account from which data is entered in computer?","Punching Medium","Defence Ledger","Both","None","Punching Medium"
"Expand ECS?","Electronic Clearing Scheme","Electronic Clearance Scheme","Electronic Clearing Stage","None","Electronic Clearing Scheme"
"Expand NEFT?","Nominal Electronic Fund Transfer ","National Electronic Fund Transfer ","Natural Electronic Fund Transfer","None","National Electronic Fund Transfer "
"Expand CMP with reference to SBI CMP?","Cash Monitoring Package","Cash Management Package","Cash Management Product","Cash Monitoring Product","Cash Management Product"
"Expand CORE with reference to CORE Banking?","Centre of Real time Exchange ","Clearance on Real Time Exchange","Centre of Rural banking Exchange","Central Online Real time Exchange","Central Online Real time Exchange"
"Expand AROB?","Annual Record of Books","Annual Record of Balances","Annual Review of Books","Annual Review of Balances","Annual Review of Balances"
"Which of the following is not met out of Vote on Account?","Pay and Allowances","Expenditure on New Services","Obligatory Expenses","None","Expenditure on New Services"
"Expand RTGS","Real Time Gross Settlement","Real Time General Settlement","Real Time Government Settlement","None","Real Time Gross Settlement"
"Which of the following is paid from Civil Estimates of MOD?","Department of Defence","Defence Accounts Department","Both","None","Both"
"Scrolls from Banks are received in Accounts Section of PCDA/CDA office on ____ basis?","Weekly","Monthly Basis","Fortnightly","Daily","Daily"
"If you are compiling an amount to 00/021/00 (Reserve Bank Deposits), you are working in ___ section of PCDA/CDA?","Accounts","Administration","Audit ","EDP","Accounts"
"DID Schedule can be responded through which of the following classes of vouchers?",2,8,9,"All the three",8
"Transfer Entry (Class II P.M. voucher) is not operated in which of the following cases?","Rectification of error","Clearance of debt heads","Payment of bill","Inter Departmental Adjustment","Payment of bill"
"Receipts and payments which cannot, in the absence of further information or orders, be allocated to any head of account, and where the heads to which the transactions are likely to be adjusted are not known, will be taken to the Head _______?","Advances","Deposits","Suspense","Any of the three","Suspense"
"_____ means the assignment, to meet specified expenditure, of funds included in a primary unit of appropriation?","Cash Assignment","Appropriation","Re-appropriation","Budget","Appropriation"
"Department of Defence Research and Development Expenditure is paid out of _____ Estimates?","MOD (Civil)","DSE","Civil Ministries","None","MOD (Civil)"
"Cost of stamp paper when required to be paid by the Government in terms of decree/arbitration award, will be treated as ____?","Charged expenditure","Voted expenditure","Revenue Expenditure","Capital Expenditure","Charged expenditure"
"Payment made in satisfaction of the award of CAT should be treated as ______ Expenditure?","Voted","Charged","Revenue","Capital","Charged"
"_____ prepares SCT of Defence Services & Ministry of Defence (Civil)- Receipts and Charges annually each year?","CGA","DGADS","CGDA","FADS","CGDA"
"What is the system of accounting followed in DAD?","Single Entry","Single Entry with Double Entry Principles as required","Double Entry","None","Single Entry with Double Entry Principles as required"
"Category ___ prefix is used to identify the transactions received from Ministry of External Affairs in PCDA/CDA office?",74,77,93,99,74
"Which is not one of the demands for grants submitted by Ministry of Defence under Defence Service Estimates?","Army","Navy","Air Force","Defence Pensions","Defence Pensions"
"Works are represented by _____?","Major Head","Minor Head","Sub Head","Detailed Head","Minor Head"
"CGDA has been delegated powers to open the _____? ","Sub Heads","Detailed Heads","Both","None","Both"
"Capital cost of works which are non productive in nature is met from ____?","Ordinary Revenues","Capital budget","As decided by GOI a or b","Special Grants","Ordinary Revenues"
"Pay and allowances of Government servants shall be classified in accounts as part of the ____?","Function","Programme","Object of classification","Scheme/Activity","Scheme/Activity"
"Public Account of India covers the following sectors of Government Accounts?","Sectors A, B","Sectors A, B and C","Sectors A to F","Sectors I to M","Sectors I to M"
"Non receipt of DMRO for which OMRO has been adjusted by Audit Section should be taken up by Accounts with?","Audit Section","Unit","Bank","RBI, CAS Nagpur","Bank"
"Military Identification Number (MIN) for MRO contains ____ digits?",15,8,17,7,17
"In which of the following e-payment modules, drawing of cheque is not necessary?","CMP","RTGS","NEFT","ECS","CMP"
"Arbitration awards can be divided into ___ broad categories.",2,3,4,5,2
"Accounts of CSD (India) and a review thereon are furnished by _____ to MOD (Fin)","CDA (CSD) Mumbai","CGDA","All the Controllers","QMG branch","QMG branch"
"Paid cheque is linked with","Compilation","Debit scroll","Schedule III","Punching Medium","Schedule III"
"No appropriation is necessary for ____","Receipts","Expenditure","Pay & Allowances","All the three","Receipts"
"Budget Estimates prepared by MES are called as ____?","MES Estimates","MES Demands","Schedule of Demands","Demands for works","Schedule of Demands"
"Appropriation Bill when signed by President becomes ____?","Vote on Account","Appropriation Act","Appropriation Account","Budget Grant","Appropriation Act"
"Error Scrolls in respect of discrepancies will be prepared by the ____?","Concerned CDA","Bank where transaction took place","Main Branch in the city of CDA","Focal Point Branch","Focal Point Branch"
"Expand GBSS?","Government Business Software Solution","Government Banking Software Solution","Government Banking System Software ","None","Government Business Software Solution"
"Which branch of SBI acts as e-focal point branch for CMP transactions?","Delhi","Mumbai","Bengaluru","Pune","Mumbai"
"How many private sector banks have been authorized by RBI for conduct of all types of Government Transactions?",2,3,4,5,4
"Railway Warrants and Concessions vouchers are also directly booked by the PCDA (Travel) on e-ticketing portal on _____ basis?","Book adjustment","Cash","Both","None","Cash"
"It is the responsibility of ___ Section to ensure that all DIDS floated by them have complete details and are duly supported by vouchers","Audit ","Accounts ","Both","None","Audit "
"Annual Abstract of progress register in respect of Defence Exchange Accounts is prepared by ___?","H.Qrs. office","CDA (Army) Meerut","PCDA (R&D) New Delhi","PCDA New Delhi","CDA (Army) Meerut"
"Expand DDP?","Defence Departmental Procedure","Defence Development Plan","Distributed Data Processing","None ","Distributed Data Processing"
"How many Demands for Grants are presented to Parliament under Civil Estimates of Defence?",2,4,6,8,2
"Who is the chairman of GASAB i.e. Government Accounting Standards Advisory Board?","C& AG of India","CGA of India","Deputy C&AG of India","CGDA","Deputy C&AG of India"
"Acknowledgements of all balances o/s  on ___ will be obtained annually by Account Section from all individuals against whom advances are outstanding ","31st December","31st March","30th June","30th September","31st March"
"Who prepares schedule III in respect of payments made by GE?","AO GE","GE","E section of Regional CDA","LAO/RAO","GE"
"Pick the odd officer among the following with reference to duties & functions","AO GE","AO Embarkation H.Qrs","AO DGNP","LAO","LAO"
"Whose sanction is necessary to refund a security deposit already lapsed and credited to Government?","PCDA/CDA","SAO/AO","Group Officer","AAO","PCDA/CDA"
"Compilation process in EDP is done in ___ stages?",6,5,4,2,5
"The mutually accepted document for Focal Point Branches of Banks and Government for reconciliation of A/cs is","Debit/Credit Scrolls","Defence Proforma Account","VDMS","MROs/Cheques","VDMS"
"When a cash security deposit is transferred from one audit officer to another, the transaction ","will be adjusted by debit to security deposit head & credit to DEA of concerned CDA","will be adjusted by debit to DEA of concerned CDA & credit to Security Deposit head","need not be compiled","None","will be adjusted by debit to security deposit head & credit to DEA of concerned CDA"
